message,type,link,time,commment1
"Marta, 33-latka z Szczecina, Opis: Chc, 偶eby zawsze otacza mnie ramionami",image,http://hosting2275851.online.pro/ARCHIWUM/fanpage/1fb/1.jpg,2023-06-03 12:00,Kontakt do niej:https://m.me/LadneLaski
"Kamila, 32-latka z Rybnika, Opis: Czy moja figura jest w twoim typie?",image,http://hosting2275851.online.pro/ARCHIWUM/fanpage/1fb/2.jpg,2023-06-03 15:00,Kontakt do niej:https://m.me/LadneLaski
"Patrycja, 30-latka z Zielonej G贸ry, Opis: Mo偶e si spotkamy?",image,http://hosting2275851.online.pro/ARCHIWUM/fanpage/1fb/3.jpg,2023-06-03 18:00,Kontakt do niej:https://m.me/LadneLaski
"Sara, 26-latka z Bielska-Biaej, Opis: Co mylisz o moim wygldzie?",image,http://hosting2275851.online.pro/ARCHIWUM/fanpage/1fb/4.jpg,2023-06-04 12:00,Kontakt do niej:https://m.me/LadneLaski
"Renata, 32-latka z Czstochowy, Opis: Spdzimy razem wiecz贸r?",image,http://hosting2275851.online.pro/ARCHIWUM/fanpage/1fb/5.jpg,2023-06-04 15:00,Kontakt do niej:https://m.me/LadneLaski
"Barbara, 34-latka z Rybnika, Opis: Jestem osob uwodzicielsk i chciaabym pozna kogo, kto podziela m贸j styl 偶ycia i podejcie do zwizk贸w.",image,http://hosting2275851.online.pro/ARCHIWUM/fanpage/1fb/6.jpg,2023-06-04 18:00,Kontakt do niej:https://m.me/LadneLaski
"Aurelia, 32-latka z Kalisza, Opis: Lubi fantazjowa i chciaabym znale藕 kogo, kto potrafi zrozumie moje marzenia i chce pom贸c mi je speni",image,http://hosting2275851.online.pro/ARCHIWUM/fanpage/1fb/7.jpg,2023-06-05 12:00,Kontakt do niej:https://m.me/LadneLaski
"Monika, 29-latka z Olsztyna, Opis: Masz ochot na mnie?",image,http://hosting2275851.online.pro/ARCHIWUM/fanpage/1fb/8.jpg,2023-06-05 15:00,Kontakt do niej:https://m.me/LadneLaski
"Lena, 25-latka z Chorzowa, Opis: Uwielbiam dobre wino i zmysow atmosfer. Chtnie poznam kogo, kto chce ze mn podzieli si t pasj.",image,http://hosting2275851.online.pro/ARCHIWUM/fanpage/1fb/9.jpg,2023-06-05 18:00,Kontakt do niej:https://m.me/LadneLaski
"Kinga, 28-latka z Krakowa, Opis: Masz ochot na namitne spotkanie?",image,http://hosting2275851.online.pro/ARCHIWUM/fanpage/1fb/10.jpg,2023-06-06 12:00,Kontakt do niej:https://m.me/LadneLaski
"Karina, 34-latka z Rybnika, Opis: Chcesz si namitnie porozciga?",image,http://hosting2275851.online.pro/ARCHIWUM/fanpage/1fb/11.jpg,2023-06-06 15:00,Kontakt do niej:https://m.me/LadneLaski
"Agnieszka, 33-latka z Wabrzycha, Opis: Jestem bardzo otwarta na nowe dowiadczenia i chtnie przetestuj r贸偶ne pozycje i techniki. Szukam kogo, kto bdzie chcia to robi ze mn i eksperymentowa.",image,http://hosting2275851.online.pro/ARCHIWUM/fanpage/1fb/12.jpg,2023-06-06 18:00,Kontakt do niej:https://m.me/LadneLaski
"Marta, 30-latka z Gdaska, Opis: bardzo samotna, chcesz i ze mn?",image,http://hosting2275851.online.pro/ARCHIWUM/fanpage/1fb/13.jpg,2023-06-07 12:00,Kontakt do niej:https://m.me/LadneLaski
"Zuzanna, 33-latka z Radomia, Opis: Lubi zmysowe tace i gorce nocne kluby. Chtnie poznam kogo, kto chce ze mn zataczy i poczu namitno.",image,http://hosting2275851.online.pro/ARCHIWUM/fanpage/1fb/14.jpg,2023-06-07 15:00,Kontakt do niej:https://m.me/LadneLaski
"Kamila, 32-latka z Opola, Opis: Szukam kogo, kto potrafi mnie zaskoczy i rozbudzi moje zmysy.",image,http://hosting2275851.online.pro/ARCHIWUM/fanpage/1fb/15.jpg,2023-06-07 18:00,Kontakt do niej:https://m.me/LadneLaski
"Jolanta, 25-latka z Gdaska, Opis: bardzo samotna, chcesz i ze mn?",image,http://hosting2275851.online.pro/ARCHIWUM/fanpage/1fb/16.jpg,2023-06-08 12:00,Kontakt do niej:https://m.me/LadneLaski
"Zofia, 33-latka z Radomia, Opis: Mo偶e do mnie doczysz?",image,http://hosting2275851.online.pro/ARCHIWUM/fanpage/1fb/17.jpg,2023-06-08 15:00,Kontakt do niej:https://m.me/LadneLaski
"Katarzyna, 27-latka z Czstochowy, Opis: Jestem bardzo otwarta na nowe dowiadczenia i chtnie przetestuj r贸偶ne pozycje i techniki. Szukam kogo, kto bdzie chcia to robi ze mn i eksperymentowa.",image,http://hosting2275851.online.pro/ARCHIWUM/fanpage/1fb/18.jpg,2023-06-08 18:00,Kontakt do niej:https://m.me/LadneLaski
"Izabela, 26-latka z Wrocawia, Opis: P贸jdziesz za mn wszdzie i zagrasz ze mn w co niegrzecznego?",image,http://hosting2275851.online.pro/ARCHIWUM/fanpage/1fb/19.jpg,2023-06-09 12:00,Kontakt do niej:https://m.me/LadneLaski
"Julita, 26-latka z Pocka, Opis: Szukam starszego dowiadczonego pana kt贸ry lubi eksperymentowa w 贸偶ku",image,http://hosting2275851.online.pro/ARCHIWUM/fanpage/1fb/20.jpg,2023-06-09 15:00,Kontakt do niej:https://m.me/LadneLaski
"Renata, 27-latka z Wabrzycha, Opis: Co mnie mylisz?",image,http://hosting2275851.online.pro/ARCHIWUM/fanpage/1fb/21.jpg,2023-06-09 18:00,Kontakt do niej:https://m.me/LadneLaski
"Wanda, 32-latka z Gdaska, Opis: Jestem adna dla ciebie?",image,http://hosting2275851.online.pro/ARCHIWUM/fanpage/1fb/22.jpg,2023-06-10 12:00,Kontakt do niej:https://m.me/LadneLaski
"Lidia, 27-latka z Tych贸w, Opis: Lato musi przyj wczeniej",image,http://hosting2275851.online.pro/ARCHIWUM/fanpage/1fb/23.jpg,2023-06-10 15:00,Kontakt do niej:https://m.me/LadneLaski
"Klaudia, 32-latka z Ruda lska, Opis: Chcesz zobaczy moj bielizn?",image,http://hosting2275851.online.pro/ARCHIWUM/fanpage/1fb/24.jpg,2023-06-10 18:00,Kontakt do niej:https://m.me/LadneLaski
"Monika, 28-latka z Ruda lska, Opis: Jestem romantyczk i chciaabym pozna kogo, kto potrafi mnie uwie i zrobi co wyjtkowego dla mnie.",image,http://hosting2275851.online.pro/ARCHIWUM/fanpage/1fb/25.jpg,2023-06-11 12:00,Kontakt do niej:https://m.me/LadneLaski
"Karolina, 30-latka z Bytomia, Opis: Bardzo tskni za ciep pogoda  A Wy?",image,http://hosting2275851.online.pro/ARCHIWUM/fanpage/1fb/26.jpg,2023-06-11 15:00,Kontakt do niej:https://m.me/LadneLaski
"Renata, 34-latka z Tarnowa, Opis: Czy lubisz to co widzisz?",image,http://hosting2275851.online.pro/ARCHIWUM/fanpage/1fb/27.jpg,2023-06-11 18:00,Kontakt do niej:https://m.me/LadneLaski
"Martyna, 29-latka z Radomia, Opis: P贸jdziesz za mn wszdzie i zagrasz ze mn w co niegrzecznego?",image,http://hosting2275851.online.pro/ARCHIWUM/fanpage/1fb/28.jpg,2023-06-12 12:00,Kontakt do niej:https://m.me/LadneLaski
"Marta, 26-latka z Ruda lska, Opis: Chcesz si namitnie porozciga?",image,http://hosting2275851.online.pro/ARCHIWUM/fanpage/1fb/29.jpg,2023-06-12 15:00,Kontakt do niej:https://m.me/LadneLaski
"Magdalena, 26-latka z Bydgoszczy, Opis: Szukam kogo, kto potrafi mnie rozbawi i robi ze nmn r贸偶ne rzeczy, o kt贸rych zawsze marzyam.",image,http://hosting2275851.online.pro/ARCHIWUM/fanpage/1fb/30.jpg,2023-06-12 18:00,Kontakt do niej:https://m.me/LadneLaski
"Milena, 33-latka z Opola, Opis: Szukam kogo, kto jest gotowy na wsp贸lne eksplorowanie swojego ciaa i odkrywanie nowych sposob贸w na przyjemno.",image,http://hosting2275851.online.pro/ARCHIWUM/fanpage/1fb/31.jpg,2023-06-13 12:00,Kontakt do niej:https://m.me/LadneLaski
"Daria, 29-latka z Czstochowy, Opis: Spenie twoje fantazje",image,http://hosting2275851.online.pro/ARCHIWUM/fanpage/1fb/32.jpg,2023-06-13 15:00,Kontakt do niej:https://m.me/LadneLaski
"Renata, 29-latka z Pocka, Opis: Lato musi przyj wczeniej",image,http://hosting2275851.online.pro/ARCHIWUM/fanpage/1fb/33.jpg,2023-06-13 18:00,Kontakt do niej:https://m.me/LadneLaski
"Martyna, 27-latka z odzi, Opis: Uwielbiam dobre wino i zmysow atmosfer. Chtnie poznam kogo, kto chce ze mn podzieli si t pasj.",image,http://hosting2275851.online.pro/ARCHIWUM/fanpage/1fb/34.jpg,2023-06-14 12:00,Kontakt do niej:https://m.me/LadneLaski
"Paula, 32-latka z Chorzowa, Opis: Jestem osob uwodzicielsk i chciaabym pozna kogo, kto podziela m贸j styl 偶ycia i podejcie do zwizk贸w.",image,http://hosting2275851.online.pro/ARCHIWUM/fanpage/1fb/35.jpg,2023-06-14 15:00,Kontakt do niej:https://m.me/LadneLaski
"El偶bieta, 28-latka z Zabrze, Opis: Napijemy si razem kawy?",image,http://hosting2275851.online.pro/ARCHIWUM/fanpage/1fb/36.jpg,2023-06-14 18:00,Kontakt do niej:https://m.me/LadneLaski
"Katarzyna, 29-latka z Torunia, Opis: Jestem samotna, czy s jacy faceci, kt贸rzy chc porozmawia z seksown dziewczyn tak jak ja?",image,http://hosting2275851.online.pro/ARCHIWUM/fanpage/1fb/37.jpg,2023-06-15 12:00,Kontakt do niej:https://m.me/LadneLaski
"Patrycja, 32-latka z Kalisza, Opis: Chcesz zobaczy moj bielizn?",image,http://hosting2275851.online.pro/ARCHIWUM/fanpage/1fb/38.jpg,2023-06-15 15:00,Kontakt do niej:https://m.me/LadneLaski
"Katarzyna, 25-latka z Wrocawia, Opis: P贸jdziesz za mn wszdzie i zagrasz ze mn w co niegrzecznego?",image,http://hosting2275851.online.pro/ARCHIWUM/fanpage/1fb/39.jpg,2023-06-15 18:00,Kontakt do niej:https://m.me/LadneLaski
"Marta, 32-latka z Sosnowca, Opis: bardzo samotna, chcesz i ze mn?",image,http://hosting2275851.online.pro/ARCHIWUM/fanpage/1fb/40.jpg,2023-06-16 12:00,Kontakt do niej:https://m.me/LadneLaski
"Patrycja, 29-latka z Biaegostoku, Opis: Spdzimy namitnie wiecz贸r?",image,http://hosting2275851.online.pro/ARCHIWUM/fanpage/1fb/41.jpg,2023-06-16 15:00,Kontakt do niej:https://m.me/LadneLaski
