message,type,link,time
Travel#1,video,http://hosting2275851.online.pro/ARCHIWUM/Explorer Eye/pinywideo/1.mp4,2023-06-17 14:00
Travel#2,video,http://hosting2275851.online.pro/ARCHIWUM/Explorer Eye/pinywideo/2.mp4,2023-06-18 14:00
Travel#3,video,http://hosting2275851.online.pro/ARCHIWUM/Explorer Eye/pinywideo/3.mp4,2023-06-19 14:00
Travel#4,video,http://hosting2275851.online.pro/ARCHIWUM/Explorer Eye/pinywideo/4.mp4,2023-06-20 14:00
Travel#5,video,http://hosting2275851.online.pro/ARCHIWUM/Explorer Eye/pinywideo/5.mp4,2023-06-21 14:00
Travel#6,video,http://hosting2275851.online.pro/ARCHIWUM/Explorer Eye/pinywideo/6.mp4,2023-06-22 14:00
Travel#7,video,http://hosting2275851.online.pro/ARCHIWUM/Explorer Eye/pinywideo/7.mp4,2023-06-23 14:00
Travel#8,video,http://hosting2275851.online.pro/ARCHIWUM/Explorer Eye/pinywideo/8.mp4,2023-06-24 14:00
Travel#9,video,http://hosting2275851.online.pro/ARCHIWUM/Explorer Eye/pinywideo/9.mp4,2023-06-25 14:00
Travel#10,video,http://hosting2275851.online.pro/ARCHIWUM/Explorer Eye/pinywideo/10.mp4,2023-06-26 14:00
Travel#11,video,http://hosting2275851.online.pro/ARCHIWUM/Explorer Eye/pinywideo/11.mp4,2023-06-27 14:00
Travel#12,video,http://hosting2275851.online.pro/ARCHIWUM/Explorer Eye/pinywideo/12.mp4,2023-06-28 14:00
