message,type,link,time,comment1
"Erotisch Hannah ,Wie hoch sch칛tzen Sie ein? 游땘 
['#nomakeup', '#ukrainian', '#summervibes', '#deutschland', '#nomakeup', '#햩햣혝', '#햡햣햪햟햫햦혪', '#nomakeup', '#kinderdirndl', '#籃騰', '#alemania', '#taufkleid', '#travel', '#햩햣혝', '#alemania']",image,http://hosting2303687.online.pro/ARCHIWUM/insta/niemiecki/1.jpg,2023-08-20 17:00,
"Hot Katharina ,Wie hoch sch칛tzen Sie ein? 游땘 
['#m칲nchen', '#afrika', '#lithuanian', '#girl', '#nomakeup', '#afrika', '#liebe', '#樂駱', '#햢햣쒫쮐햨햟', '#alpen', '#photography', '#籃騰', '#deutschland', '#afrika', '#travel']",image,http://hosting2303687.online.pro/ARCHIWUM/insta/niemiecki/2.jpg,2023-08-21 17:00,
"S칲 Karoline ,Wie hoch sch칛tzen Sie ein? 游뱘 
['#樂駱', '#햩햣혝', '#taufkleid', '#햡햣햪햟햫햦혪', '#deutschland', '#taufkleid', '#籃騰', '#me', '#hamburg', '#alemania', '#summervibes', '#afrika', '#me', '#햩햣혝', '#fest']",image,http://hosting2303687.online.pro/ARCHIWUM/insta/niemiecki/3.jpg,2023-08-22 17:00,
"Treffen Sie das Sch칬ne Stella ,Wie hoch sch칛tzen Sie ein? 游녨 
['#girl', '#lithuanian', '#nofilters', '#樂駱', '#m칲nchen', '#me', '#summervibes', '#alpen', '#m칲nchen', '#m칲nchen', '#taufkleid', '#樂駱', '#deutschland', '#樂駱', '#russian']",image,http://hosting2303687.online.pro/ARCHIWUM/insta/niemiecki/4.jpg,2023-08-23 17:00,
"Frech Helena ,Wie hoch sch칛tzen Sie ein? 游뱘 
['#liebe', '#nofilters', '#hamburg', '#photography', '#alpen', '#kinderdirndl', '#fest', '#lithuanian', '#m칲nchen', '#m칲nchen', '#afrika', '#photography', '#ukrainian', '#hamburg', '#hamburg']",image,http://hosting2303687.online.pro/ARCHIWUM/insta/niemiecki/5.jpg,2023-08-24 17:00,
"Sexy Isabella ,Wie hoch sch칛tzen Sie ein? 游땵 
['#annakaval', '#kinderdirndl', '#fest', '#taufdirndl', '#fest', '#ukrainian', '#me', '#alpen', '#hamburg', '#lithuanian', '#photography', '#me', '#햩햣혝', '#樂駱', '#annakaval']",image,http://hosting2303687.online.pro/ARCHIWUM/insta/niemiecki/6.jpg,2023-08-25 17:00,
"Erotisch Nina ,Wie hoch sch칛tzen Sie ein? 游땢 
['#籃騰', '#travel', '#russian', '#summer', '#liebe', '#籃騰', '#lithuanian', '#travel', '#ukrainian', '#樂駱', '#nofilters', '#liebe', '#summer', '#me', '#lithuanian']",image,http://hosting2303687.online.pro/ARCHIWUM/insta/niemiecki/7.jpg,2023-08-26 17:00,
"S칲 Amalia ,Wie hoch sch칛tzen Sie ein? 游뱕 
['#kinderdirndl', '#햢햣쒫쮐햨햟', '#nomakeup', '#alemania', '#lithuanian', '#햡햣햪햟햫햦혪', '#m칲nchen', '#taufkleid', '#me', '#photography', '#liebe', '#nofilters', '#summer', '#nomakeup', '#afrika']",image,http://hosting2303687.online.pro/ARCHIWUM/insta/niemiecki/8.jpg,2023-08-27 17:00,
"Hot Linda ,Wie hoch sch칛tzen Sie ein? 游봃 
['#summervibes', '#summervibes', '#afrika', '#햩햣혝', '#籃騰', '#hamburg', '#summer', '#taufkleid', '#ukrainian', '#hamburg', '#summer', '#햢햣쒫쮐햨햟', '#afrika', '#alpen', '#photography']",image,http://hosting2303687.online.pro/ARCHIWUM/insta/niemiecki/9.jpg,2023-08-28 17:00,
"Treffen Sie das Sch칬ne Greta ,Wie hoch sch칛tzen Sie ein? 游땦 
['#hamburg', '#m칲nchen', '#kinderdirndl', '#햢햣쒫쮐햨햟', '#kinderdirndl', '#deutschland', '#lithuanian', '#nofilters', '#germany', '#deutschland', '#deutschland', '#m칲nchen', '#liebe', '#me', '#lithuanian']",image,http://hosting2303687.online.pro/ARCHIWUM/insta/niemiecki/10.jpg,2023-08-29 17:00,
"Sch칬n Mia ,Wie hoch sch칛tzen Sie ein? 游땢 
['#kinderdirndl', '#햡햣햪햟햫햦혪', '#kinderdirndl', '#girl', '#taufdirndl', '#taufkleid', '#summer', '#travel', '#girl', '#photography', '#kinderdirndl', '#taufdirndl', '#taufkleid', '#alpen', '#樂駱']",image,http://hosting2303687.online.pro/ARCHIWUM/insta/niemiecki/11.jpg,2023-08-30 17:00,
"Attraktiv Laura ,Wie hoch sch칛tzen Sie ein? 游봃 
['#summervibes', '#nomakeup', '#햡햣햪햟햫햦혪', '#nomakeup', '#ukrainian', '#annakaval', '#햡햣햪햟햫햦혪', '#nofilters', '#russian', '#햩햣혝', '#fest', '#햢햣쒫쮐햨햟', '#fest', '#annakaval', '#taufkleid']",image,http://hosting2303687.online.pro/ARCHIWUM/insta/niemiecki/12.jpg,2023-08-31 17:00,
"Sch칬n Lena ,Wie hoch sch칛tzen Sie ein? 游뱘 
['#lithuanian', '#樂駱', '#travel', '#fest', '#m칲nchen', '#ukrainian', '#photography', '#alpen', '#hamburg', '#deutschland', '#photography', '#alemania', '#nomakeup', '#travel', '#taufkleid']",image,http://hosting2303687.online.pro/ARCHIWUM/insta/niemiecki/13.jpg,2023-09-01 17:00,
"Hot Sophia ,Wie hoch sch칛tzen Sie ein? 游땦 
['#annakaval', '#travel', '#travel', '#taufkleid', '#summer', '#籃騰', '#籃騰', '#taufkleid', '#nomakeup', '#lithuanian', '#afrika', '#summervibes', '#籃騰', '#russian', '#photography']",image,http://hosting2303687.online.pro/ARCHIWUM/insta/niemiecki/14.jpg,2023-09-02 17:00,
