https://achstetten.fitplus-club.de/,https://www.facebook.com/fit-Achstetten-111271645126579/
https://adenau.fitplus-club.de/,https://www.facebook.com/Fit-Adenau-291876514641583/
https://algermissen.fitplus-club.de/,https://www.facebook.com/Fit-Algermissen-100773171867962
https://altshausen.fitplus-club.de/,https://www.facebook.com/fit-Altshausen-107423637706751/
https://anklam.fitplus-club.de/,https://www.facebook.com/fitplus.anklam/
https://aying.fitplus-club.de/,https://www.facebook.com/Fit-Aying-100322652357309/
https://assling.fitplus-club.de/,https://www.facebook.com/fit-Aßling-466920590541134/
https://backnang.fitplus-club.de/,https://www.facebook.com/Fit-Backnang-394005681193194
https://badaibling.fitplus-club.de/,https://www.facebook.com/Fit-Bad-Aibling-111345650521177
https://badbreisig.fitplus-club.de/,https://www.facebook.com/fitplusbadbreisig
https://baddoberan.fitplus-club.de/,https://www.facebook.com/fit-Bad-Doberan-937682129766421/
https://baddueben.fitplus-club.de/,https://www.facebook.com/fitplus.baddueben
https://badduerkheim.fitplus-club.de/,https://www.facebook.com/fitplus.badduerkheim
https://badherrenalb.fitplus-club.de/,https://www.facebook.com/fit-Bad-Herrenalb-104216757685657
https://badkoetzting.fitplus-club.de/,https://www.facebook.com/fitplus.badkoetzting
https://badliebenzell.fitplus-club.de/,https://www.facebook.com/Fit-Bad-Liebenzell-112155233069576
https://badschoenborn.fitplus-club.de/,https://www.facebook.com/fit-Bad-Schönborn-643722876266393/
https://baiersbronn.fitplus-club.de/,https://www.facebook.com/fit-Baiersbronn-224287608953557
https://bietigheim.fitplus-club.de/,https://www.facebook.com/fitplus.bietigheim/
https://birkenau.fitplus-club.de/,https://www.facebook.com/fitplusodenwald
https://blaichach.fitplus-club.de/,https://www.facebook.com/fit-Blaichach-110098517278131
https://bogen.fitplus-club.de/,https://www.facebook.com/Fit-Bogen-104091511408291
https://borna.fitplus-club.de/,https://www.facebook.com/Fit-Borna-103881681740761
https://bracht.fitplus-club.de/,https://www.facebook.com/Fit-Bracht-271244486910022/
https://brackenheim.fitplus-club.de/,https://www.facebook.com/fitplus.brackenheim
https://brandis.fitplus-club.de/,https://www.facebook.com/fit-Brandis-100342246295939
https://braunsbedra.fitplus-club.de/,https://www.facebook.com/fit-Braunsbedra-110330111839055/
https://bretzfeld.fitplus-club.de/,https://www.facebook.com/fitplus.bretzfeld
https://brueck.fitplus-club.de/,https://www.facebook.com/fit-Brück-Mark-105860597775385/
https://burhave.fitplus-club.de/,https://www.facebook.com/Fit-Burhave-107893271732787/
https://buttenhausen.fitplus-club.de/,https://www.facebook.com/fit-Buttenhausen-106419025358855/
https://buechen.fitplus-club.de/,https://www.facebook.com/Fit-B%C3%BCchen-262164317883396/
https://buehlertann.fitplus-club.de/,https://www.facebook.com/fit-Bühlertann-1993441377429106
https://buerstadt.fitplus-club.de/,https://www.facebook.com/fit-Bürstadt-100204731494582/
https://buetzow.fitplus-club.de/,https://www.facebook.com/fit-B%C3%BCtzow-1964810647162014/
https://cochem.fitplus-club.de/,https://www.facebook.com/fitplus.cochem/
https://daun.fitplus-club.de/,https://www.facebook.com/fit-Daun-100508404847241
https://deidesheim.fitplus-club.de/,https://www.facebook.com/fit-Deidesheim-106438684449657/
https://delitzsch.fitplus-club.de/,https://www.facebook.com/fit-Delitzsch-347384899686839
https://denkendorf.fitplus-club.de/,https://www.facebook.com/Fit-Denkendorf-143740219703945/
https://diedorf.fitplus-club.de/,https://www.facebook.com/fit-Diedorf-163989874291368/
https://dielheim.fitplus-club.de/,https://www.facebook.com/pg/fit-Dielheim-984435858413000
https://donzdorf.fitplus-club.de/,https://www.facebook.com/fit-Donzdorf-1052963428245990/
https://eichendorf.fitplus-club.de/,https://www.facebook.com/fit-Eichendorf-102736141586015
https://elbtal.fitplus-club.de/,https://www.facebook.com/fit-Elbtal-104546125470409/
https://elchingen.fitplus-club.de/,https://www.facebook.com/Fit-Elchingen-359678541174326/
https://elzach.fitplus-club.de/,https://www.facebook.com/Fit-Elzach-101563988427370
https://emmelshausen.fitplus-club.de/,https://www.facebook.com/Fit-Emmelshausen-113712190471382
https://engers.fitplus-club.de/,https://www.facebook.com/pg/Fit-Engers-324348418478433
https://eppendorf.fitplus-club.de/,https://www.facebook.com/Fit-Eppendorf-102751465254995
https://eppingen.fitplus-club.de/,https://www.facebook.com/fitplus.eppingen/
https://erfenbach.fitplus-club.de/,https://www.facebook.com/fitplus.erfenbach
https://erwitte.fitplus-club.de/,https://www.facebook.com/fitplus.erwitte/
https://essingen.fitplus-club.de/,https://www.facebook.com/fit-Essingen-107137534124116/
https://esslingen.fitplus-club.de/,https://www.facebook.com/Fit-Esslingen-105276831398719
https://feldkirchen.fitplus-club.de/,https://www.facebook.com/fitplus.feldkirchen
https://fischach.fitplus-club.de/,https://www.facebook.com/fitplus.fischach/
https://friedrichstadt.fitplus-club.de/,https://www.facebook.com/Fitplus-Friedrichstadt-106584702111508/
https://frielendorf.fitplus-club.de/,https://www.facebook.com/fit-Frielendorf-113366578454157/
https://gaildorf.fitplus-club.de/,Brak linka do Facebooka
https://gardelegen.fitplus-club.de/,https://www.facebook.com/fitplus.gardelegen
https://garding.fitplus-club.de/,https://www.facebook.com/Fitplus-Garding-105472572228855/
https://geltendorf.fitplus-club.de/,https://www.facebook.com/fit-Geltendorf-444763299289235/
https://gerolstein.fitplus-club.de/,https://www.facebook.com/fitplus.gerolstein/
https://gerstetten.fitplus-club.de/,https://www.facebook.com/fitplusgerstetten/
https://gosbach.fitplus-club.de/,https://www.facebook.com/fit-Gosbach-100616891542337
https://gosen.fitplus-club.de/,https://www.facebook.com/fit-Gosen-100233818428093/
https://grabow.fitplus-club.de/,https://www.facebook.com/fit-Grabow-103076909182441/
https://grimmen.fitplus-club.de/,https://www.facebook.com/fit-Grimmen-1419949694825350/
https://grossmehring.fitplus-club.de/,https://www.facebook.com/fit-Gro%C3%9Fmehring-107916672104663/
https://graefenhainichen.fitplus-club.de/,https://www.facebook.com/fitplus.graefenhainichen/
https://gruenberg.fitplus-club.de/,https://www.facebook.com/fit-Gr%C3%BCnberg-106861695298453/
https://gschwend.fitplus-club.de/,Brak linka do Facebooka
https://gummersbach.fitplus-club.de/,Brak linka do Facebooka
https://gundelsheim.fitplus-club.de/,https://www.facebook.com/fit-Gundelsheim-353133172422902
https://hagenow.fitplus-club.de/,https://www.facebook.com/fit-Hagenow-638446513246498/
https://hamm.fitplus-club.de/,https://www.facebook.com/fit-Hamm-109353678009486
https://hankensbuettel.fitplus-club.de/,https://www.facebook.com/fit-Hankensb%C3%BCttel-101112155965801/
https://hausham.fitplus-club.de/,https://www.facebook.com/fit-Hausham-103403021562037
https://heepen.fitplus-club.de/,https://www.facebook.com/fit-Heepen-101040534712577/
https://heimbach.fitplus-club.de/,https://www.facebook.com/fit-Heimbach-461914867973987
https://herbrechtingen.fitplus-club.de/,https://www.facebook.com/Fit-Herbrechtingen-1692845741026071/
https://hesel.fitplus-club.de/,https://www.facebook.com/fit-Hesel-1003269503209962/
https://heumaden.fitplus-club.de/,https://www.facebook.com/fitplus.heumaden
https://hilchenbach.fitplus-club.de/,https://www.facebook.com/fitplus.hilchenbach
https://hilzingen.fitplus-club.de/,https://www.facebook.com/Fit-Hilzingen-402571930219824
https://hohenmoelsen.fitplus-club.de/,https://www.facebook.com/fit-Hohenm%C3%B6lsen-110493235026802/
https://homberg.fitplus-club.de/,https://www.facebook.com/fit-Homberg-Efze-102903152071279
https://huisheim.fitplus-club.de/,https://www.facebook.com/fit-Huisheim-110275483982254
https://huelben.fitplus-club.de/,https://www.facebook.com/fit-H%C3%BClben-101715365936614
https://ichenhausen.fitplus-club.de/,https://www.facebook.com/Fit-Ichenhausen-285107982019570/
https://immenstadt.fitplus-club.de/,https://www.facebook.com/fitplusimmenstadt/
https://kahl.fitplus-club.de/,https://www.facebook.com/Fit-Kahl-403933586871973/
https://kefenrod.fitplus-club.de/,https://www.facebook.com/fit-Kefenrod-646741089061542/
https://kellinghusen.fitplus-club.de/,https://www.facebook.com/pg/Fit-Kellinghusen-516231875454804
https://kemnat.fitplus-club.de/,https://www.facebook.com/Fit-Kemnat-102498854880976
https://kempten.fitplus-club.de/,https://www.facebook.com/Fit-Lady-Kempten-537586463833097
https://kirchdorf.fitplus-club.de/,https://www.facebook.com/fitplus.kirchdorf/
https://kirchzarten.fitplus-club.de/,https://www.facebook.com/Fit-Kirchzarten-107994758516750%20
https://kissing.fitplus-club.de/,https://www.facebook.com/fitpluskissing
https://koenigslutter.fitplus-club.de/,https://www.facebook.com/fit-K%C3%B6nigslutter-646509615708229
https://kuehlungsborn.fitplus-club.de/,https://www.facebook.com/fitpluskborn
https://laage.fitplus-club.de/,https://www.facebook.com/fitplus.laage
https://lauf.fitplus-club.de/,https://www.facebook.com/fit-Lauf-109268068598961/
https://lehre.fitplus-club.de/,https://www.facebook.com/fitplus.lehre/
https://leingarten.fitplus-club.de/,https://www.facebook.com/fit-Leingarten-100656388455584
https://lonsee.fitplus-club.de/,https://www.facebook.com/fitplusLonsee/
https://lorch.fitplus-club.de/,https://www.facebook.com/pg/Fit-Lorch-105806751194954
https://mainhardt.fitplus-club.de/,https://www.facebook.com/pg/fit-Mainhardt-100935235125088
https://malsch.fitplus-club.de/,https://www.facebook.com/fit-Malsch-102957591989818
https://maxdorf.fitplus-club.de/,https://facebook.com/fit-Maxdorf-107997138274656
https://meersburg.fitplus-club.de/,https://www.facebook.com/fit-Meersburg-103954581718930
https://mengen.fitplus-club.de/,https://www.facebook.com/fitplus.mengen/
https://metelen.fitplus-club.de/,https://www.facebook.com/Fit-Metelen-218561932372889/
https://meuselwitz.fitplus-club.de/,https://www.facebook.com/fitplus.meuselwitz/
https://messstetten.fitplus-club.de/,https://www.facebook.com/fit-Me%C3%9Fstetten-113929081541531/
https://moringen.fitplus-club.de/,https://www.facebook.com/Fit-Moringen-327643394571454/
https://moeglingen.fitplus-club.de/,https://www.facebook.com/Fit-Möglingen-118476566653616
https://moehnesee.fitplus-club.de/,https://www.facebook.com/Fit-Möhnesee-108362297977760
https://moenchsdeggingen.fitplus-club.de/,https://www.facebook.com/fitplus.moenchsdeggingen
https://moeser.fitplus-club.de/,https://www.facebook.com/Fit-Möser-107371427723273/
https://naumburg.fitplus-club.de/,https://www.facebook.com/fit-Naumburg-100462338134919
https://neu-ulm.fitplus-club.de/,https://www.facebook.com/fit-Neu-Ulm-101633439415543
https://neuerburg.fitplus-club.de/,https://www.facebook.com/fitplus.neuerburg/
https://neuhausen.fitplus-club.de/,https://www.facebook.com/fitplusneuhausen/
https://neustadt-glewe.fitplus-club.de/,https://www.facebook.com/Fit-Neustadt-Glewe-108643501521569/
https://nohfelden.fitplus-club.de/,https://www.facebook.com/Fit-Nohfelden-103198712017569
https://oberkirch.fitplus-club.de/,https://www.facebook.com/fitplus.oberkirch
https://obrigheim.fitplus-club.de/,https://www.facebook.com/fit-Obrigheim-101303318882613
https://offingen.fitplus-club.de/,https://www.facebook.com/Fit-Offingen-274857186372410/
https://oppau.fitplus-club.de/,https://www.facebook.com/fitplus.oppau
https://ottendorf-okrilla.fitplus-club.de/,https://www.facebook.com/fitplus.ottendorf.okrilla/
https://ottenheim.fitplus-club.de/,https://www.facebook.com/fit-Ottenheim-105494864652739/
https://peiting.fitplus-club.de/,https://www.facebook.com/fitplus.peiting/
https://pfaffenhausen.fitplus-club.de/,https://www.facebook.com/fitplus.pfaffenhausen/
https://pfinztal.fitplus-club.de/,https://www.facebook.com/fit-Pfinztal-2190715471150355/
https://philippsburg.fitplus-club.de/,https://www.facebook.com/fit-Philippsburg-107611487769216/
https://pruem.fitplus-club.de/,https://www.facebook.com/fit-Prüm-110878607933860
https://pyrbaum.fitplus-club.de/,https://www.facebook.com/fitplus.pyrbaum/
https://ransbachbaumbach.fitplus-club.de/,https://www.facebook.com/Fit-Ransbach-Baumbach-117685919630770
https://remseck.fitplus-club.de/,https://www.facebook.com/fitplusremseck/
https://rheinbrohl.fitplus-club.de/,https://www.facebook.com/Fit-Rheinbrohl-114504016666748/
https://rochlitz.fitplus-club.de/,https://www.facebook.com/fit-Rochlitz-357729945299448
https://roggentin.fitplus-club.de/,https://www.facebook.com/fitplus.roggentin
https://rotenburg-fulda.fitplus-club.de/,https://www.facebook.com/fit-Rotenburg-an-der-Fulda-109621675214412/
https://rottenacker.fitplus-club.de/,https://facebook.com/fit-Rottenacker-103395545471599
https://roetz.fitplus-club.de/,https://www.facebook.com/fitplus.roetz
https://ruehen.fitplus-club.de/,https://www.facebook.com/fit-R%C3%BChen-103367758922624/
https://salem.fitplus-club.de/,https://www.facebook.com/Fit-Salem-105269727977322
https://sanitz.fitplus-club.de/,https://www.facebook.com/fitplus.sanitz/
https://sassnitz.fitplus-club.de/,https://www.facebook.com/fitplus.sassnitz/
https://schenkenzell.fitplus-club.de/,https://www.facebook.com/fit-Schenkenzell-105058358529477
https://schirgiswalde-kirschau.fitplus-club.de/,https://www.facebook.com/fitplus.schirgiswalde.kirschau/
https://schkeuditz.fitplus-club.de/,https://www.facebook.com/fitplus.schkeuditz/
https://schmidt.fitplus-club.de/,https://www.facebook.com/profile.php?id=100090646209309
https://schwaikheim.fitplus-club.de/,https://www.facebook.com/fit-Schwaikheim-100280714764435
https://schweigen-rechtenbach.fitplus-club.de/,https://www.facebook.com/fitplus.schweigenrechtenbach/
https://schwaebischgmuend.fitplus-club.de/,https://facebook.com/fit-Lady-Schw%C3%A4bisch-Gm%C3%BCnd-107918088368910/
https://schoenau.fitplus-club.de/,https://www.facebook.com/fit-Schönau-104051804745672/
https://seelbach.fitplus-club.de/,https://www.facebook.com/Fit-Seelbach-100492721897324
https://stavenhagen.fitplus-club.de/,https://www.facebook.com/fit-Stavenhagen-394853154619494/
https://steinheim.fitplus-club.de/,https://www.facebook.com/Fit-Steinheim-104678015708707
https://syrgenstein.fitplus-club.de/,https://www.facebook.com/fit-Syrgenstein-110935690397184/
https://soegel.fitplus-club.de/,https://www.facebook.com/fit-Sögel-101410628293841
https://tessin.fitplus-club.de/,https://www.facebook.com/fit-Tessin-104364965253687
https://teterow.fitplus-club.de/,https://www.facebook.com/fit-Teterow-855769041473411
https://toenning.fitplus-club.de/,https://www.facebook.com/pg/fit-T%C3%B6nning-2309860562563590/about/?ref=page_internal
https://uder.fitplus-club.de/,https://www.facebook.com/fit-Uder-115174380317918
https://unterluess.fitplus-club.de/,https://www.facebook.com/fit-Unterlüß-106629200823833/
https://velden.fitplus-club.de/,https://www.facebook.com/fit-Velden-103695639068907/
https://waghaeusel.fitplus-club.de/,https://www.facebook.com/Fit-Waghäusel-104061708078371
https://waldmichelbach.fitplus-club.de/,https://www.facebook.com/Fit-Waldmichelbach-380154746044173/
https://waldbronn.fitplus-club.de/,https://www.facebook.com/fit-Waldbronn-105788997516571
https://wallduern.fitplus-club.de/,https://www.facebook.com/fitplus.wallduern/
https://warmsen.fitplus-club.de/,https://www.facebook.com/fitplus.warmsen/
https://wehingen.fitplus-club.de/,https://facebook.com/fit-Wehingen-110283581380122
https://weilderstadt.fitplus-club.de/,https://www.facebook.com/pg/Fit-Weilderstadt-2309903182623935/
https://weilheim-teck.fitplus-club.de/,https://www.facebook.com/Fit-Weilheim-an-der-Teck-104350542118865
https://weilmuenster.fitplus-club.de/,https://www.facebook.com/fit-Weilm%C3%BCnster-276826853026884/
https://weinsberg.fitplus-club.de/,https://www.facebook.com/fit-Weinsberg-126162797050957/
https://weisendorf.fitplus-club.de/,https://www.facebook.com/fit-Weisendorf-103873719240865/
https://weissenhorn.fitplus-club.de/,https://www.facebook.com/fitplusclub/
https://westerburg.fitplus-club.de/,https://www.facebook.com/fit-Westerburg-103815531183542
https://wiefelstede.fitplus-club.de/,https://www.facebook.com/fit-Wiefelstede-839290296412525/
https://wiesentheid.fitplus-club.de/,https://www.facebook.com/fit-Wiesentheid-2345360882218660/
https://willebadessen.fitplus-club.de/,https://www.facebook.com/fitplus.willebadessen/
https://winterbach.fitplus-club.de/,https://www.facebook.com/Fit-Winterbach-576434292877571/
https://wirges.fitplus-club.de/,https://www.facebook.com/fit-Wirges-100513096259140/
https://wittenburg.fitplus-club.de/,https://www.facebook.com/pg/Fit-Wittenburg-101195354683735
https://wittstock.fitplus-club.de/,https://www.facebook.com/Fit-Wittstock-104490065052386
https://woldegk.fitplus-club.de/,https://www.facebook.com/fit-Woldegk-107841491564803/
https://woerthamrhein.fitplus-club.de/,https://facebook.com/fit-W%C3%B6rth-am-Rhein-110097901457222
https://zaberfeld.fitplus-club.de/,https://www.facebook.com/Fit-Zaberfeld-107230620891029/
https://zwiefalten.fitplus-club.de/,https://www.facebook.com/fit-Zwiefalten-102227108024513/
https://zwoenitz.fitplus-club.de/,https://www.facebook.com/fit-Zwönitz-101102628023366
https://most.fitplus-club.cz/,https://www.facebook.com/Fit-Most-108428468208521
https://asten.fitplus-club.at/,https://www.facebook.com/Fit-Asten-101022305455405
https://litovel.fitplus-club.cz/,https://facebook.com/fit-Litovel-101589015641359
https://krnov.fitplus-club.cz/,https://www.facebook.com/fitpluskrnov
https://ruemlang.fitplus-club.ch/,https://www.facebook.com/fitplus.ruemlang/
https://fuellinsdorf.fitplus-club.ch/,https://www.facebook.com/fit-Füllinsdorf-100111385562043/
https://stmargrethen.fitplus-club.ch/,https://www.facebook.com/fit-St-Margrethen-102479755452886
