https://36minut.pl/clubs,Brak linka do Facebooka
https://36minut.pl/clubs/36-minut-polanka,https://pl-pl.facebook.com/36minutPolanka
https://36minut.pl/clubs/36-minut-pobiedziska,https://www.facebook.com/36minutPobiedziska/
https://36minut.pl/clubs/36-minut-ostrow-wielkopolski,https://www.facebook.com/36minutostrowwlkp
https://36minut.pl/clubs/36-minut-wrzesnia,https://www.facebook.com/36minutwrzesnia/
https://36minut.pl/clubs/36-minut-wloclawek,https://www.facebook.com/36minutWloclawek/
https://36minut.pl/clubs/36-minut-winogrady,https://pl-pl.facebook.com/36minutwinogrady/
https://36minut.pl/clubs/36-minut-westpoint,https://pl-pl.facebook.com/36minutWestPoint/
https://36minut.pl/clubs/36-minut-turek,https://www.facebook.com/36minutTurek
https://36minut.pl/clubs/36-minut-tarchomin,https://pl-pl.facebook.com/36minut.Tarchomin/
https://36minut.pl/clubs/36-minut-szamotuly,https://www.facebook.com/36minutszamotuly/
https://36minut.pl/clubs/36-minut-swarzedz,https://www.facebook.com/36minutswarzedz/
https://36minut.pl/clubs/36-minut-suchy-las,https://www.facebook.com/36-MINUT-Suchy-Las-108941568110521/
https://36minut.pl/clubs/36-minut-starogard-gdanski,https://www.facebook.com/36minutStarogardGdanski/
https://36minut.pl/clubs/36-minut-stargard,https://www.facebook.com/36minutStargard
https://36minut.pl/clubs/36-minut-sroda-wielkopolska,https://www.facebook.com/36minutsrodawlkp
https://36minut.pl/clubs/36-minut-srem,https://www.facebook.com/36minutSrem
https://36minut.pl/clubs/36-minut-sadyba,https://pl-pl.facebook.com/36minutSadyba/
https://36minut.pl/clubs/36-minut-retkinia,Brak linka do Facebooka
https://36minut.pl/clubs/36-minut-dabrowa,https://www.facebook.com/36minut-D%C4%85browa-Pozna%C5%84-1365900803510517/
https://36minut.pl/clubs/36-minut-dzierzoniow,https://www.facebook.com/36minutDzierzoniow
https://36minut.pl/clubs/36-minut-gniezno,https://www.facebook.com/36minutgniezno
https://36minut.pl/clubs/36-minut-gorecka,https://pl-pl.facebook.com/36minutgorecka/
https://36minut.pl/clubs/36-minut-gorzow-wlkp,https://www.facebook.com/36minutgorzowwlkp/
https://36minut.pl/clubs/36-minut-gostyn,https://www.facebook.com/36-minut-Gosty%C5%84-112708260130080/
https://36minut.pl/clubs/36-minut-grudziadz,Brak linka do Facebooka
https://36minut.pl/clubs/36-minut-ilawa,https://www.facebook.com/36-MINUT-I%C5%82awa-103967005198095/
https://36minut.pl/clubs/36-minut-jarocin,https://www.facebook.com/profile.php?id=100076111494103
https://36minut.pl/clubs/36-minut-kalisz,https://www.facebook.com/36minutkalisz/
https://36minut.pl/clubs/36-minut-kamionki,https://www.facebook.com/36minutkamionki
https://36minut.pl/clubs/36-minut-karczowka,https://www.facebook.com/36minutKarczowka
https://36minut.pl/clubs/36-minut-kartuzy,https://www.facebook.com/36minutkartuzy
https://36minut.pl/clubs/36-minut-kolobrzeg,https://www.facebook.com/36minutkolobrzeg
https://36minut.pl/clubs/36-minut-konin,https://www.facebook.com/36minutkonin
https://36minut.pl/clubs/36-minut-krotoszyn,https://www.facebook.com/36minutkrotoszyn/
https://36minut.pl/clubs/36-minut-lewobrzeze,https://www.facebook.com/36minutLewobrzeze
https://36minut.pl/clubs/36-minut-lubawa,https://www.facebook.com/36minutlubawa/
https://36minut.pl/clubs/36-minut-malbork,https://www.facebook.com/36minutmalbork
https://36minut.pl/clubs/36-minut-morena,https://www.facebook.com/36-MINUT-Morena-101733189043286
https://36minut.pl/clubs/36-minut-torun,https://www.facebook.com/36minutTorun/
https://36minut.pl/clubs/36-minut-na-stoku,https://pl-pl.facebook.com/36minutNaStoku/
https://36minut.pl/clubs/36-minut-orunia-gorna,https://pl-pl.facebook.com/36minutoruniagorna/
https://36minut.pl/clubs/36-minut-zywiec,https://www.facebook.com/36minutzywiec
https://36minut.pl/clubs/36-minut-zielona-gora,https://www.facebook.com/36minutzielonagora/
https://36minut.pl/clubs/36-minut-wyzyny,https://www.facebook.com/36minutWyzyny
https://36minut.pl/clubs/36-minut-banino,https://www.facebook.com/36minutbanino
https://36minut.pl/clubs/36-minut-baranowek,https://www.facebook.com/36minutbaranowek
https://36minut.pl/clubs/36-minut-bartodzieje,https://www.facebook.com/36Minut.bartodzieje/
https://36minut.pl/clubs/36-minut-bielany,https://www.facebook.com/36minutbielany
https://36minut.pl/clubs/36-minut-bochnia,https://www.facebook.com/36minutBochnia
https://36minut.pl/clubs/36-minut-brzesko,https://www.facebook.com/36minutBrzesko
https://36minut.pl/clubs/36-minut-podolszyce,https://www.facebook.com/36minutcotex
